<?xml version="1.0" encoding="utf-8" ?>
<dwsync>
<file name="reset.css" server="globalcancerfoundation.in" local="129887266200000000" remote="130354978800000000" />
<file name="superfish.css" server="globalcancerfoundation.in" local="130354656073750000" remote="130354978800000000" />
<file name="style.css" server="globalcancerfoundation.in" local="130354666075781250" remote="130354978800000000" />
<file name="zerogrid.css" server="globalcancerfoundation.in" local="130289010840000000" remote="130354978800000000" />
<file name="camera.css" server="globalcancerfoundation.in" local="130354612679531250" remote="130354978800000000" />
<file name="responsive.css" server="globalcancerfoundation.in" local="130334782720000000" remote="130354978800000000" />
<file name="grid.css" server="globalcancerfoundation.in" local="130047288000000000" remote="130354979400000000" />
<file name="ie.css" server="globalcancerfoundation.in" local="130227418800000000" remote="130354979400000000" />
<file name="touchTouch.css" server="globalcancerfoundation.in" local="130136773800000000" remote="130354979400000000" />
</dwsync>