<?xml version="1.0" encoding="utf-8" ?>
<dwsync>
<file name="pepole-design2.png" server="globalcancerfoundation.in" local="130354657531875008" remote="130354978800000000" />
<file name="socials.png" server="globalcancerfoundation.in" local="130354660810000000" remote="130354978800000000" />
<file name="soc1.png" server="globalcancerfoundation.in" local="130226798400000000" remote="130354978800000000" />
<file name="link_marker.png" server="globalcancerfoundation.in" local="130226838000000000" remote="130354978800000000" />
<file name="totop.png" server="globalcancerfoundation.in" local="130227438000000000" remote="130354978800000000" />
<file name="camera-loader.gif" server="globalcancerfoundation.in" local="129770730000000000" remote="130354978800000000" />
<file name="pagination.png" server="globalcancerfoundation.in" local="130226571000000000" remote="130354978800000000" />
<file name="favicon.ico" server="globalcancerfoundation.in" local="130227440400000000" remote="130354978800000000" />
<file name="logo.png" server="globalcancerfoundation.in" local="130354640139375008" remote="130354979400000000" />
<file name="footer_logo.png" server="globalcancerfoundation.in" local="130227411600000000" remote="130354979400000000" />
<file name="1.jpg" server="globalcancerfoundation.in" local="130354542830468752" remote="130354979400000000" />
<file name="2.jpg" server="globalcancerfoundation.in" local="130338132920000000" remote="130354979400000000" />
<file name="box1_img1.png" server="globalcancerfoundation.in" local="130226803200000000" remote="130354979400000000" />
<file name="box1_img2.png" server="globalcancerfoundation.in" local="130226803800000000" remote="130354979400000000" />
<file name="box1_img3.png" server="globalcancerfoundation.in" local="130226804400000000" remote="130354979400000000" />
<file name="box1_img4.png" server="globalcancerfoundation.in" local="130226804400000000" remote="130354979400000000" />
<file name="box_img1.jpg" server="globalcancerfoundation.in" local="130226794200000000" remote="130354979400000000" />
<file name="box_img2.jpg" server="globalcancerfoundation.in" local="130226794800000000" remote="130354979400000000" />
<file name="box_img3.jpg" server="globalcancerfoundation.in" local="130226794800000000" remote="130354979400000000" />
<file name="box_img4.jpg" server="globalcancerfoundation.in" local="130226795400000000" remote="130354979400000000" />
<file name="gcs_design.jpg" server="globalcancerfoundation.in" local="130354580518906240" remote="130354979400000000" />
<file name="globalcancerfoundation-logo.png" server="globalcancerfoundation.in" local="130354623000000000" remote="130354979400000000" />
<file name="logo1.jpg" server="globalcancerfoundation.in" local="130226832000000000" remote="130354979400000000" />
<file name="logo2.jpg" server="globalcancerfoundation.in" local="130226832000000000" remote="130354979400000000" />
<file name="logo3.jpg" server="globalcancerfoundation.in" local="130226833200000000" remote="130354979400000000" />
<file name="logo4.jpg" server="globalcancerfoundation.in" local="130226833200000000" remote="130354979400000000" />
<file name="logo5.jpg" server="globalcancerfoundation.in" local="130226833800000000" remote="130354979400000000" />
<file name="logo6.jpg" server="globalcancerfoundation.in" local="130226833800000000" remote="130354979400000000" />
<file name="logo6.png" server="globalcancerfoundation.in" local="130226833800000000" remote="130354979400000000" />
<file name="logo7.jpg" server="globalcancerfoundation.in" local="130226833800000000" remote="130354979400000000" />
<file name="logo8.jpg" server="globalcancerfoundation.in" local="130226834400000000" remote="130354979400000000" />
<file name="spacer.gif" server="globalcancerfoundation.in" local="130226553600000000" remote="130354979400000000" />
</dwsync>