<?xml version="1.0" encoding="utf-8" ?>
<dwsync>
<file name="jquery.js" server="globalcancerfoundation.in" local="130100694000000000" remote="130354978800000000" />
<file name="jquery-migrate-1.1.1.js" server="globalcancerfoundation.in" local="130100456400000000" remote="130354978800000000" />
<file name="superfish.js" server="globalcancerfoundation.in" local="130092727200000000" remote="130354978800000000" />
<file name="forms.js" server="globalcancerfoundation.in" local="130100703000000000" remote="130354978800000000" />
<file name="jquery.ui.totop.js" server="globalcancerfoundation.in" local="129973660200000000" remote="130354978800000000" />
<file name="jquery.equalheights.js" server="globalcancerfoundation.in" local="130111002000000000" remote="130354978800000000" />
<file name="jquery.easing.1.3.js" server="globalcancerfoundation.in" local="130100456400000000" remote="130354978800000000" />
<file name="tms-0.4.1.js" server="globalcancerfoundation.in" local="129947559600000000" remote="130354978800000000" />
<file name="css3-mediaqueries.js" server="globalcancerfoundation.in" local="130110032520000000" remote="130354978800000000" />
<file name="camera.js" server="globalcancerfoundation.in" local="130207844400000000" remote="130354979400000000" />
<file name="html5shiv.js" server="globalcancerfoundation.in" local="130100456400000000" remote="130354979400000000" />
<file name="jquery.color.js" server="globalcancerfoundation.in" local="130148739000000000" remote="130354979400000000" />
<file name="jquery.mobile.customized.min.js" server="globalcancerfoundation.in" local="129770730000000000" remote="130354979400000000" />
<file name="PIE.htc" server="globalcancerfoundation.in" local="129598816200000000" remote="130354979400000000" />
<file name="PIE.php" server="globalcancerfoundation.in" local="129598816200000000" remote="130354979400000000" />
<file name="touchTouch.jquery.js" server="globalcancerfoundation.in" local="130000973400000000" remote="130354979400000000" />
</dwsync>